project_id,project_name,date,amount,continent
1,Amazing Project,2023-05-12,78945.67,Africa
2,Incredible Initiative,2022-08-25,54321.98,Asia
3,Superb Venture,2022-11-07,123456.78,Europe
4,Fantastic Undertaking,2021-10-15,98765.43,North America
5,Awesome Task,2023-02-28,45678.90,South America
6,Incredible Project,2020-12-03,23456.78,Australia
7,Superb Initiative,2022-04-19,87654.32,Antarctica
8,Amazing Venture,2021-09-08,65432.10,Africa
9,Fantastic Venture,2020-06-30,34567.89,Asia
10,Superb Initiative,2023-07-22,234567.89,Europe
11,Incredible Task,2022-03-14,54321.09,North America
12,Awesome Venture,2021-01-17,12345.67,South America
13,Fantastic Project,2020-10-05,98765.43,Australia
14,Amazing Initiative,2023-11-30,8765.43,Antarctica
15,Superb Task,2021-08-07,76543.21,Africa
16,Incredible Project,2022-12-10,4567.89,Asia
17,Awesome Initiative,2020-09-26,34567.89,Europe
18,Fantastic Task,2022-07-18,23456.78,North America
19,Amazing Venture,2021-04-01,9876.54,South America
20,Superb Project,2023-01-24,65432.10,Australia
21,Incredible Venture,2022-06-05,5432.10,Antarctica
22,Fantastic Task,2020-03-28,234567.89,Africa
23,Superb Project,2021-02-14,1234.56,Asia
24,Amazing Initiative,2023-09-13,7654.32,Europe
25,Awesome Task,2022-11-11,65432.10,North America
26,Fantastic Venture,2020-05-19,5432.10,South America
27,Incredible Project,2023-04-02,234567.89,Australia
28,Superb Initiative,2021-07-31,1234.56,Antarctica
29,Amazing Task,2020-08-23,7654.32,Africa
30,Fantastic Venture,2022-10-09,65432.10,Asia
31,Incredible Project,2021-12-21,5432.10,Europe
32,Awesome Task,2020-02-04,234567.89,North America
33,Superb Venture,2023-08-16,1234.56,South America
34,Fantastic Initiative,2022-03-01,7654.32,Australia
35,Amazing Project,2020-09-02,65432.10,Antarctica
36,Superb Venture,2021-05-27,5432.10,Africa
37,Incredible Task,2023-01-08,234567.89,Asia
38,Awesome Initiative,2022-11-23,1234.56,Europe
39,Fantastic Project,2020-08-12,7654.32,North America
40,Superb Task,2021-06-14,65432.10,South America
41,Amazing Venture,2023-03-06,5432.10,Australia
42,Incredible Task,2020-04-17,234567.89,Antarctica
43,Fantastic Initiative,2022-07-29,1234.56,Africa
44,Awesome Project,2021-10-03,7654.32,Asia
45,Superb Task,2020-12-26,65432.10,Europe
46,Incredible Venture,2023-04-16,5432.10,North America
47,Amazing Task,2022-08-09,234567.89,South America
48,Fantastic Initiative,2021-03-23,1234.56,Australia
49,Superb Project,2020-02-15,7654.32,Antarctica
50,Awesome Venture,2022-09-19,5432.10,Africa
51,Fantastic Initiative,2023-06-12,234567.89,Asia
52,Superb Task,2022-01-30,1234.56,Europe
53,Incredible Project,2020-10-22,7654.32,North America
54,Amazing Venture,2021-08-04,65432.10,South America
55,Fantastic Task,2023-03-19,5432.10,Australia
56,Superb Project,2022-04-26,234567.89,Antarctica
57,Incredible Initiative,2020-07-21,1234.56,Africa
58,Awesome Task,2021-11-27,7654.32,Asia
59,Fantastic Venture,2023-02-09,65432.10,Europe
60,Amazing Project,2022-06-08,5432.10,North America
61,Superb Initiative,2021-03-04,234567.89,South America
62,Incredible Task,2020-12-20,1234.56,Australia
63,Superb Venture,2023-08-29,7654.32,Antarctica
64,Awesome Project,2021-09-15,65432.10,Africa
65,Fantastic Initiative,2020-05-31,5432.10,Asia
66,Incredible Project,2022-11-05,234567.89,Europe
67,Amazing Task,2021-07-13,1234.56,North America
68,Superb Task,2023-05-26,7654.32,South America
69,Awesome Initiative,2022-01-17,65432.10,Australia
70,Fantastic Venture,2020-09-08,5432.10,Antarctica
71,Incredible Project,2021-12-04,234567.89,Africa
72,Superb Task,2020-08-27,1234.56,Asia
73,Amazing Venture,2022-10-20,7654.32,Europe
74,Fantastic Project,2023-03-10,65432.10,North America
75,Awesome Task,2021-04-16,5432.10,South America
76,Superb Initiative,2020-01-08,234567.89,Australia
77,Incredible Venture,2022-07-07,1234.56,Antarctica
78,Fantastic Task,2021-06-30,7654.32,Africa
79,Amazing Project,2020-02-22,65432.10,Asia
80,Superb Task,2023-04-05,5432.10,Europe
81,Awesome Venture,2022-01-13,234567.89,North America
82,Incredible Initiative,2020-09-25,1234.56,South America
83,Fantastic Task,2021-11-08,7654.32,Australia
84,Superb Project,2023-02-01,65432.10,Antarctica
85,Amazing Initiative,2022-06-15,5432.10,Africa
86,Incredible Project,2021-03-28,234567.89,Asia
87,Awesome Task,2020-12-11,1234.56,Europe
88,Fantastic Venture,2022-08-02,7654.32,North America
89,Superb Initiative,2021-07-26,65432.10,South America
90,Amazing Project,2020-05-19,5432.10,Australia
91,Fantastic Task,2023-01-12,234567.89,Antarctica
92,Superb Task,2022-03-25,1234.56,Africa
93,Incredible Initiative,2020-02-06,7654.32,Asia
94,Awesome Venture,2021-04-29,65432.10,Europe
95,Fantastic Project,2023-09-07,5432.10,North America
96,Amazing Task,2022-12-22,234567.89,South America
97,Superb Project,2021-08-15,1234.56,Australia
98,Incredible Initiative,2020-10-05,7654.32,Antarctica
99,Fantastic Task,2022-05-28,65432.10,Africa
100,Awesome Project,2021-02-08,5432.10,Asia
101,Superb Venture,2023-07-21,234567.89,Europe
102,Incredible Task,2022-11-02,1234.56,North America
103,Amazing Initiative,2021-06-03,7654.32,South America
104,Fantastic Project,2020-03-16,65432.10,Australia
105,Superb Task,2022-09-26,5432.10,Antarctica
106,Awesome Initiative,2021-11-17,234567.89,Africa
107,Incredible Venture,2020-08-08,1234.56,Asia
108,Fantastic Task,2023-03-01,7654.32,Europe
109,Amazing Project,2022-04-22,65432.10,North America
110,Superb Initiative,2020-01-05,5432.10,South America
111,Incredible Task,2021-09-29,234567.89,Australia
112,Awesome Task,2023-04-13,1234.56,Antarctica
113,Fantastic Project,2022-07-16,7654.32,Africa
114,Superb Venture,2021-05-09,65432.10,Asia
115,Amazing Initiative,2020-02-22,5432.10,Europe
116,Incredible Project,2023-06-24,234567.89,North America
117,Fantastic Task,2022-01-16,1234.56,South America
118,Superb Project,2020-12-29,7654.32,Australia
119,Awesome Venture,2022-09-11,65432.10,Antarctica
120,Amazing Task,2021-08-02,5432.10,Africa
121,Incredible Venture,2023-03-15,234567.89,Asia
122,Fantastic Task,2022-10-28,1234.56,Europe
123,Superb Task,2020-07-10,7654.32,North America
124,Awesome Project,2021-04-22,65432.10,South America
125,Amazing Initiative,2023-01-05,5432.10,Australia
126,Superb Task,2022-05-03,234567.89,Antarctica
127,Incredible Project,2020-08-15,1234.56,Africa
128,Fantastic Initiative,2021-11-28,7654.32,Asia
129,Awesome Venture,2023-09-03,65432.10,Europe
130,Amazing Task,2022-02-10,5432.10,North America
131,Superb Project,2021-06-18,234567.89,South America
132,Incredible Task,2020-12-05,1234.56,Australia
133,Fantastic Project,2022-07-28,7654.32,Antarctica
134,Superb Initiative,2021-05-21,65432.10,Africa
135,Amazing Venture,2020-03-04,5432.10,Asia
136,Incredible Task,2023-04-27,234567.89,Europe
137,Awesome Task,2022-01-19,1234.56,North America
138,Fantastic Project,2020-10-09,7654.32,South America
139,Superb Initiative,2021-08-11,65432.10,Australia
140,Amazing Task,2023-02-22,5432.10,Antarctica
141,Incredible Project,2022-09-06,234567.89,Africa
142,Fantastic Task,2021-06-27,1234.56,Asia
143,Superb Venture,2020-03-17,7654.32,Europe
144,Awesome Project,2022-11-19,65432.10,North America
145,Amazing Initiative,2021-05-02,5432.10,South America
146,Incredible Task,2020-01-14,234567.89,Australia
147,Superb Task,2023-03-24,1234.56,Antarctica
148,Fantastic Venture,2022-01-07,7654.32,Africa
149,Incredible Project,2021-09-19,65432.10,Asia
150,Amazing Venture,2020-08-31,5432.10,Europe
